LAD19CD,Name,Vulnerability score,Vulnerability rank,Vulnerability decile,Coping score,Coping rank,Coping decile
E06000009,Blackpool,162.13448074298105,360,10,115.87925481610876,257,9
E06000010,"Kingston upon Hull, City of",249.7047979254466,382,10,166.17703206621258,310,10
E06000013,North Lincolnshire,135.41959548470012,318,9,135.60552538822793,286,10
E06000024,North Somerset,137.2398174015903,324,9,175.7808185309373,315,10
E06000044,Portsmouth,148.58225351498942,339,9,142.26188126492778,293,10
E06000046,Isle of Wight,138.08041212293506,327,9,122.13475589774905,266,9
E06000047,County Durham,193.6285105445716,373,10,143.23952760506538,295,10
E07000188,Sedgemoor,132.65751635842486,312,9,129.25334422723893,277,9
E07000199,Tamworth,163.09420334875412,361,10,118.0465064229446,260,9
E08000004,Oldham,129.959695506385,307,9,116.75277181830461,259,9
E08000010,Wigan,153.13151498221282,347,10,130.78521647903517,280,9
E08000012,Liverpool,204.12004057915792,377,10,126.01624118585691,272,9
E08000014,Sefton,159.60685448689108,357,10,156.8736524706927,304,10
E08000022,North Tyneside,139.2996994374231,329,9,152.58979957339488,300,10
E08000026,Coventry,138.90655634722665,328,9,121.29715046868968,264,9
E08000035,Leeds,133.89817986024403,314,9,138.61431878454601,288,10
E09000004,Bexley,131.07817515804345,311,9,114.69197053919659,255,9
E07000128,Wyre,172.80715221622825,366,10,124.61513089507908,270,9
