LAD19CD,Name,Vulnerability score,Vulnerability rank,Vulnerability decile,Coping score,Coping rank,Coping decile
E06000013,North Lincolnshire,121.20533565428201,249,9,134.72482600272085,303,10
E06000044,Portsmouth,135.63987386353278,273,9,135.86079014212973,304,10
E07000029,Copeland,148.75988072699374,288,10,115.1095818916845,272,9
E07000120,Hyndburn,130.2035180334172,266,9,118.42160633420934,280,9
E07000125,Rossendale,129.6257005117083,264,9,136.6194158175542,305,10
E07000128,Wyre,158.0602026493998,296,10,112.86850932510751,266,9
E07000136,Boston,213.03214206807306,311,10,120.10114922161924,283,9
E07000140,South Holland,206.47198853007615,310,10,114.68416150472773,269,9
E07000146,King's Lynn and West Norfolk,157.6412219619936,295,10,118.31770823423506,279,9
E07000199,Tamworth,153.7345901482676,292,10,146.478150195843,312,10
E08000001,Bolton,122.56454838367894,252,9,109.22808358608567,256,9
E08000026,Coventry,124.76164467677442,256,9,111.89418357083774,262,9
E08000035,Leeds,122.41949351087256,251,9,116.64935966422753,275,9
