LAD19CD,Name,Vulnerability score,Vulnerability rank,Vulnerability decile,Coping score,Coping rank,Coping decile
E06000009,Blackpool,159.58373159215472,298,10,115.87925481610876,257,9
E06000010,"Kingston upon Hull, City of",240.9761421002184,312,10,166.17703206621258,310,10
E06000013,North Lincolnshire,121.20533565428201,249,9,135.60552538822793,286,10
E06000044,Portsmouth,135.63987386353278,273,9,142.26188126492778,293,10
E06000046,Isle of Wight,126.75160789586356,259,9,122.13475589774905,266,9
E06000047,County Durham,183.6871617043356,305,10,143.23952760506538,295,10
E07000128,Wyre,158.0602026493998,296,10,124.61513089507908,270,9
E07000199,Tamworth,153.7345901482676,292,10,118.0465064229446,260,9
E08000010,Wigan,141.24863937671796,277,9,130.78521647903517,280,9
E08000012,Liverpool,200.45485855270243,308,10,126.01624118585691,272,9
E08000014,Sefton,147.61694829610727,286,10,156.8736524706927,304,10
E08000022,North Tyneside,126.48342058602013,258,9,152.58979957339488,300,10
E08000026,Coventry,124.76164467677442,256,9,121.29715046868968,264,9
E08000035,Leeds,122.41949351087256,251,9,138.61431878454601,288,10
