LAD19CD,Name,Vulnerability score,Vulnerability rank,Vulnerability decile,Coping score,Coping rank,Coping decile
E06000013,North Lincolnshire,121.20533565428201,249,9,134.72482600272085,303,10
E06000044,Portsmouth,135.63987386353278,273,9,135.86079014212973,304,10
E06000046,Isle of Wight,126.75160789586356,259,9,98.49121274600199,225,8
E07000009,East Cambridgeshire,106.20824417646634,222,8,104.88140882017653,243,8
E07000029,Copeland,148.75988072699374,288,10,115.1095818916845,272,9
E07000069,Castle Point,120.1424131748431,247,8,130.02223077134465,296,10
E07000073,Harlow,117.99264526046399,243,8,133.01899952244054,301,10
E07000076,Tendring,117.27202201634069,241,8,110.9222970895089,259,9
E07000117,Burnley,112.22177233814413,233,8,108.14279563570037,252,8
E07000120,Hyndburn,130.2035180334172,266,9,118.42160633420934,280,9
E07000125,Rossendale,129.6257005117083,264,9,136.6194158175542,305,10
E07000128,Wyre,158.0602026493998,296,10,112.86850932510751,266,9
E07000136,Boston,213.03214206807306,311,10,120.10114922161924,283,9
E07000140,South Holland,206.47198853007615,310,10,114.68416150472773,269,9
E07000145,Great Yarmouth,119.22749722400812,245,8,103.883162746143,237,8
E07000146,King's Lynn and West Norfolk,157.6412219619936,295,10,118.31770823423506,279,9
E07000188,Sedgemoor,117.03037794364027,239,8,115.23351015437198,273,9
E07000192,Cannock Chase,108.19514453265089,225,8,105.0128668317173,245,8
E07000195,Newcastle-under-Lyme,105.44715709797512,221,8,131.8057373248399,299,10
E07000199,Tamworth,153.7345901482676,292,10,146.478150195843,312,10
E08000001,Bolton,122.56454838367894,252,9,109.22808358608567,256,9
E08000013,St. Helens,143.71776780251685,282,10,101.20250270046898,233,8
E08000014,Sefton,147.61694829610727,286,10,105.55882380625624,247,8
E08000018,Rotherham,104.82408859500742,220,8,111.23850625595624,261,9
E08000022,North Tyneside,126.48342058602013,258,9,104.98973316199574,244,8
E08000026,Coventry,124.76164467677442,256,9,111.89418357083774,262,9
E08000032,Bradford,112.29074355175322,234,8,129.6235773666785,294,10
E08000035,Leeds,122.41949351087256,251,9,116.64935966422753,275,9
