TacticalCell,Proportion of neighbourhoods in 20% most clinically vulnerable,Extent of population living in highly clinically vulnerable areas,Population-weighted clinical vulnerability score
Central,0.3305084745762712,0.3113824899803509,0.3916123382299941
London,0.006103763987792472,0.04290569221125709,-0.4818475478198813
North,0.22722513089005236,0.21653977044512146,0.19420591030307405
Northern Ireland and the Isle of Man,0.09333333333333334,0.08800603869074328,-0.15076880845201912
Scotland,0.3424550430023456,0.31384486503122705,0.2951246496104121
South and the Channel Islands,0.03931451612903226,0.04034069594882666,-0.4259867083752941
South East,0.009569377990430622,0.0192022697565458,-0.8162948909315952
Wales,0.5414634146341464,0.5107196048884135,0.7986395593541155
