LAD19CD,Hungry,Other,Food insecurity,LAD19NM,RGN19NM,n
E06000002,7,12,0.3684210526315789,Middlesbrough,North East,104
E06000004,6,18,0.25,Stockton-on-Tees,North East,163
E08000001,8,27,0.22857142857142856,Bolton,North West,107
E08000003,13,44,0.22807017543859648,Manchester,North West,413
E08000021,6,23,0.20689655172413793,Newcastle upon Tyne,North East,359
E08000012,12,49,0.19672131147540983,Liverpool,North West,308
E08000015,7,35,0.16666666666666666,Wirral,North West,174
E08000024,5,31,0.1388888888888889,Sunderland,North East,171
E06000007,3,22,0.12,Warrington,North West,160
E06000003,2,17,0.10526315789473684,Redcar and Cleveland,North East,207
E06000047,6,60,0.09090909090909091,County Durham,North East,327
E08000014,3,35,0.07894736842105263,Sefton,North West,106
E08000010,3,37,0.075,Wigan,North West,138
E08000037,2,25,0.07407407407407407,Gateshead,North East,131
E08000007,3,39,0.07142857142857142,Stockport,North West,429
E08000006,2,28,0.06666666666666667,Salford,North West,161
E08000022,2,28,0.06666666666666667,North Tyneside,North East,222
E06000057,2,38,0.05,Northumberland,North East,253
E06000049,2,49,0.0392156862745098,Cheshire East,North West,320
E08000002,1,25,0.038461538461538464,Bury,North West,122
E06000050,1,46,0.02127659574468085,Cheshire West and Chester,North West,297
E08000009,0,28,0,Trafford,North West,233
