LAD19CD,Prop_top20,Deprivation_q
S12000005,0.3333333333333333,4
S12000006,0.13432835820895522,3
S12000008,0.3558282208588957,5
S12000010,0.13636363636363635,3
S12000011,0.04918032786885246,1
S12000013,0.027777777777777776,1
S12000014,0.19626168224299065,3
S12000017,0.11217948717948718,3
S12000018,0.37719298245614036,5
S12000019,0.13043478260869565,3
S12000020,0.05555555555555555,1
S12000021,0.42473118279569894,5
S12000023,0,1
S12000026,0.04895104895104895,1
S12000027,0,1
S12000028,0.20261437908496732,4
S12000029,0.23433874709976799,4
S12000030,0.10743801652892562,3
S12000033,0.08480565371024736,2
S12000034,0.020588235294117647,1
S12000035,0.088,2
S12000036,0.10050251256281408,2
S12000038,0.2088888888888889,4
S12000039,0.48760330578512395,5
S12000040,0.1799163179916318,3
S12000041,0.0967741935483871,2
S12000042,0.2925531914893617,4
S12000045,0.09230769230769231,2
S12000047,0.19838056680161945,4
S12000048,0.06989247311827956,2
S12000049,0.3726541554959786,5
S12000050,0.37360178970917224,5
