LAD19CD,Prop_top20,Deprivation_q
N09000001,0.1111111111111111,2
N09000002,0.15555555555555556,3
N09000003,0.26666666666666666,4
N09000004,0.19444444444444445,3
N09000005,0.49333333333333335,5
N09000006,0.24489795918367346,4
N09000007,0.029411764705882353,1
N09000008,0.15384615384615385,2
N09000009,0.06779661016949153,1
N09000010,0.27380952380952384,5
N09000011,0.09302325581395349,1
