LAD19CD,Prop_top20,Deprivation_q
W06000001,0.13636363636363635,2
W06000002,0.0547945205479452,1
W06000003,0.09859154929577464,2
W06000004,0.15517241379310345,3
W06000005,0.08695652173913043,2
W06000006,0.08235294117647059,1
W06000008,0.043478260869565216,1
W06000009,0.11267605633802817,2
W06000010,0.14285714285714285,3
W06000011,0.23648648648648649,3
W06000012,0.3626373626373626,5
W06000013,0.23863636363636365,4
W06000014,0.13924050632911392,3
W06000015,0.27102803738317754,4
W06000016,0.3181818181818182,5
W06000018,0.20909090909090908,3
W06000019,0.425531914893617,5
W06000020,0.25,4
W06000021,0.03571428571428571,1
W06000022,0.35789473684210527,5
W06000023,0.05063291139240506,1
W06000024,0.2777777777777778,4
