LAD19CD,Proportion of neighbourhoods in 20% most food vulnerable
W06000001,0.4444444444444444
W06000002,0.7647058823529411
W06000003,0.2
W06000004,0.2
W06000005,0
W06000006,0
W06000008,0.7777777777777778
W06000009,0.375
W06000010,0.28
W06000011,0.16129032258064516
W06000012,0.3157894736842105
W06000013,0
W06000014,0
W06000015,0.020833333333333332
W06000016,0.22580645161290322
W06000018,0.041666666666666664
W06000019,0.2222222222222222
W06000020,0
W06000021,0.2727272727272727
W06000022,0.1
W06000023,0.5789473684210527
W06000024,0.14285714285714285
