TacticalCell,Proportion,Extent,Score,Percentage
Central,0.28087167070217917,0.2954046064591323,228.85821558362454,17.444682254414058
London,0.008138351983723296,0.02007285797433163,118.49732167296865,9.032440104072634
North,0.28429319371727746,0.29934404729525627,224.3774332702618,17.103135312310734
South and the Channel Islands,0.20362903225806453,0.20775702449976874,204.2257916888339,15.567079534735223
South East,0.11323763955342903,0.1307117143402714,182.26937991401246,13.893455426978955
Wales,0.2,0.20205193719306616,131.9642031308271,10.058951070223024
Scotland,0.2001563721657545,0.2033015444635752,132.03175593297144,10.064100272167984
Northern Ireland,0.2,0.21034351803383097,89.6840909188335,6.836156025097388
