TacticalCell,Proportion,Extent,Score,Percentage
Central,0.18825665859564164,0.18455172240922846,126.65563919078723,13.835248156282558
London,0.3631739572736521,0.360732216653975,161.6897230016043,17.66220167013694
North,0.25392670157068065,0.26012970374275285,142.69881833036536,15.587727288122938
South and the Channel Islands,0.09778225806451613,0.10395087047632788,112.26176604375419,12.262931217284875
South East,0.08692185007974482,0.0907755082911508,110.30174806286713,12.04882835278075
Wales,0.2,0.19672478223786102,108.98343956816751,11.904822722338745
Scotland,0.2001563721657545,0.1991659204695138,109.29811393484677,11.93919622500506
Northern Ireland,0.2,0.1919392971372098,43.56696747060087,4.759044368048137
