TacticalCell,Proportion,Extent,Score,Percentage
Central,0.18825665859564164,0.18384941126443305,126.65563919078723,13.835530536302922
London,0.3631739572736521,0.3600674990908166,161.6897230016043,17.662562158999222
North,0.25392670157068065,0.26012970374275285,142.69881833036536,15.588045436572418
South and the Channel Islands,0.09778225806451613,0.0944677484634601,112.26176604375419,12.26318150602041
South East,0.08692185007974482,0.09008050824482484,110.30174806286713,12.049074271636501
Wales,0.2,0.19672478223786102,108.98343956816751,11.90506570201246
Scotland,0.2001563721657545,0.1991659204695138,109.29811393484677,11.939439906248438
Northern Ireland,0.2,0.19178282392840243,43.548283218188125,4.757100482207634
