TacticalCell,Percentage
Central,14.126728348012993
London,15.75257619286557
North,14.34554446856356
South and the Channel Islands,13.716250355528503
South East,13.302370741258617
Wales,12.243449836854591
Scotland,12.261729785007642
Northern Ireland,4.251350271908523
